{"cameraMode":{"drawMode":0,"name":"Shaded","section":"Shading Mode"},"sceneLighting":true,"audioPlay":false,"sceneViewState":{"showFog":true,"showMaterialUpdate":false,"showSkybox":true,"showFlares":true,"showImageEffects":true,"showParticleSystems":true},"in2DMode":false,"pivot":{"x":0.07267500460147858,"y":0.006749993190169334,"z":0.07200000435113907},"rotation":{"x":0.7049846649169922,"y":-1.3220021344295675e-7,"z":-2.089422395101792e-7,"w":0.7092267274856567},"size":2.468311309814453,"orthographic":false}