{"cameraMode":{"drawMode":0,"name":"Shaded","section":"Shading Mode"},"sceneLighting":false,"audioPlay":false,"sceneViewState":{"showFog":true,"showMaterialUpdate":false,"showSkybox":false,"showFlares":true,"showImageEffects":true,"showParticleSystems":true},"in2DMode":false,"pivot":{"x":-0.800000011920929,"y":0.05000000447034836,"z":0.0},"rotation":{"x":-0.1301606148481369,"y":0.06449557095766068,"z":-0.008485020138323307,"w":-0.9893580675125122},"size":1.0851575136184693,"orthographic":false}